{"unclear_up": 0.1, "unclear_down": 0.1, "_timestamp": 1734748807.8313596, "_runtime": 61.51111674308777, "_step": 13, "val_loss": 0.15724018216133118, "g0": 0.3745200037956238, "g1": 0.09111999720335007, "flip_r": 0.07896658362683619, "pmean": 0.11007589846849442, "trn_auc": 0.9913730007043853, "val_auc": 0.7804212497966618, "tst_auc": 0.9348261546411437, "trn_aps": 0.937702376997508, "val_aps": 0.7067549335304073, "tst_aps": 0.7202997653908776, "epoch": 5, "trainer/global_step": 2003, "trn_loss0": 0.07420816272497177, "final_trn/auc": 0.99225, "final_trn/aps": 0.94866, "final_trn/mf1": 0.95384, "final_trn/th1": 0.8801100254058838, "final_trn/gme": 0.95455, "final_trn/th2": 0.1853400021791458, "final_trn/rec": 0.86995, "final_trn/pre": 0.96661, "final_val/auc": 0.78305, "final_val/aps": 0.70503, "final_val/mf1": 0.83876, "final_val/th1": 0.8434500098228455, "final_val/gme": 0.77839, "final_val/th2": 0.21038000285625458, "final_val/rec": 0.57961, "final_val/pre": 0.95183, "final_tst/auc": 0.93626, "final_tst/aps": 0.6996, "final_tst/mf1": 0.86108, "final_tst/th1": 0.8434500098228455, "final_tst/gme": 0.83196, "final_tst/th2": 0.21038000285625458, "final_tst/rec": 0.70175, "final_tst/pre": 0.78109, "_wandb": {"runtime": 58}}