{"unclear_up": 0.025, "unclear_down": 0.025, "_timestamp": 1733717379.2334976, "_runtime": 489.8553566932678, "_step": 101, "val_loss": 0.04702046141028404, "g0": 0.3414599895477295, "g1": 0.05211000144481659, "flip_r": 0.02675508804024697, "pmean": 0.051197197288274765, "trn_auc": 0.9893316298490287, "val_auc": 0.9697980066269951, "tst_auc": 0.974756830089393, "trn_aps": 0.9243139906747333, "val_aps": 0.8792401190450035, "tst_aps": 0.881088040931293, "epoch": 49, "trainer/global_step": 12299, "trn_loss0": 0.04793038219213486, "final_trn/auc": 0.98933, "final_trn/aps": 0.92434, "final_trn/mf1": 0.93068, "final_trn/th1": 0.5431100130081177, "final_trn/gme": 0.95118, "final_trn/th2": 0.1350499987602234, "final_trn/rec": 0.80886, "final_trn/pre": 0.93291, "final_val/auc": 0.96974, "final_val/aps": 0.87913, "final_val/mf1": 0.91257, "final_val/th1": 0.5773299932479858, "final_val/gme": 0.92944, "final_val/th2": 0.06649000197649002, "final_val/rec": 0.77031, "final_val/pre": 0.90164, "final_tst/auc": 0.97472, "final_tst/aps": 0.88093, "final_tst/mf1": 0.90889, "final_tst/th1": 0.5773299932479858, "final_tst/gme": 0.87007, "final_tst/th2": 0.06649000197649002, "final_tst/rec": 0.76, "final_tst/pre": 0.90328, "_wandb": {"runtime": 487}}