{"unclear_up": 0.025, "unclear_down": 0.025, "_timestamp": 1733716733.4269404, "_runtime": 506.41597151756287, "_step": 101, "val_loss": 0.05273843929171562, "g0": 0.33215001225471497, "g1": 0.061420001089572906, "flip_r": 0.016871204614172828, "pmean": 0.052896447479724884, "trn_auc": 0.9845114178325483, "val_auc": 0.9607537971476419, "tst_auc": 0.9693370667957847, "trn_aps": 0.896550609855712, "val_aps": 0.873334944851889, "tst_aps": 0.8633775998867298, "epoch": 49, "trainer/global_step": 12299, "trn_loss0": 0.05152509734034538, "final_trn/auc": 0.98327, "final_trn/aps": 0.89214, "final_trn/mf1": 0.91751, "final_trn/th1": 0.520039975643158, "final_trn/gme": 0.93777, "final_trn/th2": 0.06015000119805336, "final_trn/rec": 0.80471, "final_trn/pre": 0.88164, "final_val/auc": 0.96286, "final_val/aps": 0.8748, "final_val/mf1": 0.91034, "final_val/th1": 0.6856600046157837, "final_val/gme": 0.92768, "final_val/th2": 0.061409998685121536, "final_val/rec": 0.76751, "final_val/pre": 0.89542, "final_tst/auc": 0.96996, "final_tst/aps": 0.86559, "final_tst/mf1": 0.90132, "final_tst/th1": 0.6856600046157837, "final_tst/gme": 0.85809, "final_tst/th2": 0.061409998685121536, "final_tst/rec": 0.73931, "final_tst/pre": 0.89782, "_wandb": {"runtime": 504}}