{"unclear_up": 0.1, "unclear_down": 0.1, "_timestamp": 1734748269.1006925, "_runtime": 5.8535754680633545, "_step": 0, "_wandb": {"runtime": 4}}