{"unclear_up": 0.1, "unclear_down": 0.1, "_timestamp": 1734747878.2674427, "_runtime": 5.713566780090332, "_step": 0, "_wandb": {"runtime": 4}}