{"unclear_up": 0.1, "unclear_down": 0.1, "_timestamp": 1734748001.4047902, "_runtime": 5.832748174667358, "_step": 0, "_wandb": {"runtime": 4}}